City_ID,City,Lat,Lng,Max Temp,Humidity,Cloudiness,Wind Speed,Country,Date
0,edinburgh of the seven seas,-37.0676,-12.3116,292.09,79,86,7.71,SH,1707435520
1,adamstown,-25.066,-130.1015,296.89,90,100,15.96,PN,1707435520
2,owando,-0.4819,15.8999,298.86,72,94,1.09,CG,1707435520
3,wailua homesteads,22.0669,-159.378,299.39,66,0,5.14,US,1707435520
4,hami,42.8,93.45,269.79,59,71,2.54,CN,1707435521
5,saint-francois,46.4154,3.9054,285.84,64,0,5.66,FR,1707435521
6,machico,32.7,-16.7667,296.49,93,75,12.86,PT,1707435521
7,ushuaia,-54.8,-68.3,283.96,71,20,8.23,AR,1707435521
8,lebu,-37.6167,-73.65,287.67,84,31,8.64,CL,1707435522
9,blackmans bay,-43.0167,147.3167,293.56,52,15,0.89,AU,1707435522
10,port alfred,-33.5906,26.891,291.58,88,3,1.73,ZA,1707435522
11,port-aux-francais,-49.35,70.2167,278.64,69,62,7.22,TF,1707435522
12,campbell river,50.0163,-125.2446,279.04,65,75,3.09,CA,1707435522
13,port mathurin,-19.6833,63.4167,300.04,69,97,10.16,MU,1707435522
14,lihue,21.9789,-159.3672,299.73,66,0,5.14,US,1707435523
15,bargaal,11.2864,51.0773,297.58,83,22,3.25,SO,1707435523
16,waitangi,-43.9535,-176.5597,289.16,63,53,11.04,NZ,1707435523
17,albany,42.6001,-73.9662,278.4,57,72,0.45,US,1707435381
18,minas de marcona,-15.2119,-75.1103,293.93,87,51,5.44,PE,1707435524
19,kirakira,-10.4544,161.9205,301.9,79,92,8.64,SB,1707435524
20,yuzhno-kurilsk,44.0306,145.8556,265.58,92,25,4.23,RU,1707435524
21,stanley,54.868,-1.6985,274.66,93,75,8.75,GB,1707435524
22,okhotsk,59.3833,143.3,247.53,83,24,4.35,RU,1707435524
23,harstad,68.799,16.5293,269.35,75,77,7.6,NO,1707435525
24,petropavlovsk-kamchatsky,53.0452,158.6483,262.29,90,20,3.0,RU,1707435525
25,nuku'alofa,-21.1333,-175.2,301.34,89,75,3.6,TO,1707435518
26,kodiak,57.79,-152.4072,275.88,93,100,13.38,US,1707435447
27,grytviken,-54.2811,-36.5092,278.67,91,94,9.11,GS,1707435526
28,badger,64.8,-147.5333,265.45,79,20,2.06,US,1707435526
29,papatowai,-46.5619,169.4708,288.29,49,68,1.25,NZ,1707435526
30,tolanaro,-25.0319,46.9987,297.19,88,20,4.12,MG,1707435526
31,pisco,-13.7,-76.2167,299.18,78,0,9.26,PE,1707435526
32,iqaluit,63.7506,-68.5145,251.0,71,40,1.54,CA,1707435526
33,puerto ayora,-0.7393,-90.3518,300.68,89,66,1.79,EC,1707435527
34,tofol,5.3248,163.0078,302.03,74,100,6.69,FM,1707435527
35,invercargill,-46.4,168.35,288.72,62,82,2.24,NZ,1707435527
36,ribeira grande,38.5167,-28.7,288.58,82,86,8.49,PT,1707435527
37,chonchi,-42.6128,-73.8092,291.71,69,93,2.41,CL,1707435527
38,thompson,55.7435,-97.8558,258.24,85,100,6.69,CA,1707435258
39,olonkinbyen,70.9221,-8.7187,270.54,65,44,5.8,SJ,1707435527
40,isafjordur,66.0755,-23.124,264.97,88,42,2.94,IS,1707435528
41,anadyr,64.75,177.4833,263.43,85,75,10.0,RU,1707435528
42,punta arenas,-53.15,-70.9167,286.21,67,40,5.66,CL,1707435528
43,pacific grove,36.6177,-121.9166,286.7,78,75,3.09,US,1707435528
44,kafin hausa,12.2375,9.908,292.28,14,11,4.24,NG,1707435528
45,villa del totoral,-30.8167,-63.7167,297.41,74,88,3.9,AR,1707435528
46,berbera,10.4396,45.0143,297.73,80,14,4.07,SO,1707435529
47,atafu village,-8.5421,-172.5159,301.77,77,100,6.09,TK,1707435529
48,tiksi,71.6872,128.8694,248.52,100,100,1.59,RU,1707435529
49,ta'izz,13.5,44.0,289.25,74,30,2.79,YE,1707435529
50,polyarnyy,69.1989,33.4478,251.44,99,100,2.71,RU,1707435529
51,avarua,-21.2078,-159.775,302.18,74,75,10.8,CK,1707435530
52,zelenogorskiy,55.0333,87.0,270.29,85,100,5.25,RU,1707435530
53,bucerias,20.75,-105.3333,299.14,69,75,6.69,MX,1707435530
54,sambava,-14.2667,50.1667,297.66,95,98,1.78,MG,1707435530
55,aleksandrovsk,59.158,57.5624,264.71,81,100,2.52,RU,1707435530
56,puerto natales,-51.7236,-72.4875,284.66,78,100,5.02,CL,1707435530
57,petukhovo,55.0692,67.9019,272.58,82,99,9.96,RU,1707435531
58,staryya darohi,53.0402,28.267,270.57,74,18,1.88,BY,1707435531
59,merizo village,13.2658,144.6691,301.46,74,94,7.78,GU,1707435531
60,lata,40.1629,-8.3327,289.16,95,100,2.45,PT,1707435531
61,bethel,41.3712,-73.414,279.08,58,52,0.45,US,1707435531
62,salalah,17.0151,54.0924,296.2,31,0,3.6,OM,1707435531
63,carnarvon,-24.8667,113.6333,301.5,50,0,4.07,AU,1707435532
64,mossel bay,-34.1831,22.146,293.11,75,58,1.53,ZA,1707435532
65,vila franca do campo,37.7167,-25.4333,289.38,82,98,9.88,PT,1707435532
66,vorgashor,67.5833,63.95,265.37,85,100,5.18,RU,1707435532
67,portland,45.5234,-122.6762,283.61,82,75,2.57,US,1707435424
68,dhidhdhoo,6.8833,73.1,299.66,73,93,0.82,MV,1707435533
69,saint johns,29.8961,-81.4165,290.09,79,75,3.09,US,1707435354
70,kingston,17.997,-76.7936,299.68,61,20,1.54,JM,1707435383
71,margaret river,-33.95,115.0667,297.29,40,0,2.28,AU,1707435533
72,hamilton,39.1834,-84.5333,288.84,41,40,7.72,US,1707435246
73,rikaze,29.25,88.8833,266.61,17,0,1.96,CN,1707435533
74,dudinka,69.4058,86.1778,242.97,95,38,2.24,RU,1707435534
75,rindge,42.7512,-72.0098,274.76,78,0,0.0,US,1707435534
76,vytegra,61.0064,36.4481,258.35,95,100,6.26,RU,1707435534
77,queenstown,-31.8976,26.8753,288.89,82,77,1.45,ZA,1707435534
78,hermanus,-34.4187,19.2345,289.15,83,29,1.94,ZA,1707435535
79,kavaratti,10.5669,72.642,300.67,76,78,3.54,IN,1707435535
80,guozhen,34.3659,107.359,275.99,63,93,1.1,CN,1707435535
81,pavilosta,56.8879,21.1859,270.1,88,100,6.4,LV,1707435535
82,hell-ville,-13.4,48.2667,300.39,82,99,1.81,MG,1707435535
83,guarapari,-20.6667,-40.4975,299.76,91,65,4.42,BR,1707435536
84,callao,-12.0667,-77.15,300.31,69,0,6.17,PE,1707435335
85,jumla,29.2747,82.1838,271.48,16,0,3.12,NP,1707435536
86,fortuna,40.5982,-124.1573,284.81,76,75,5.14,US,1707435536
87,remire-montjoly,4.9167,-52.2667,300.17,83,20,4.63,GF,1707435537
88,bikenibeu village,1.3673,173.1241,304.13,66,75,6.17,KI,1707435537
89,aragarcas,-15.8975,-52.2508,296.56,97,98,0.86,BR,1707435537
90,midland,31.9974,-102.0779,289.52,28,0,6.69,US,1707435343
91,whitehorse,60.7161,-135.0538,259.58,85,20,3.09,CA,1707435537
92,cudillero,43.5622,-6.1459,290.66,54,0,6.69,ES,1707435537
93,tadine,-21.55,167.8833,299.31,69,100,6.99,NC,1707435537
94,vadso,70.0744,29.7487,260.24,85,75,5.66,NO,1707435538
95,taltal,-25.4,-70.4833,294.83,77,23,1.61,CL,1707435538
96,conception bay south,47.4999,-52.9981,272.34,95,74,6.57,CA,1707435538
97,fort bragg,35.139,-79.006,286.06,46,0,1.54,US,1707435538
98,kasur,31.1156,74.4467,282.21,33,0,1.53,PK,1707435538
99,luderitz,-26.6481,15.1594,291.89,74,26,8.13,NA,1707435538
100,nar'yan-mar,67.6713,53.087,262.1,91,82,4.47,RU,1707435539
101,port hedland,-20.3167,118.5667,301.18,89,15,3.6,AU,1707435539
102,lensk,60.7253,114.9278,247.83,98,97,0.74,RU,1707435539
103,belmonte,-15.8631,-38.8828,297.82,88,100,1.52,BR,1707435539
104,klyuchi,52.2667,79.1667,272.02,95,100,11.63,RU,1707435539
105,ryotsu-minato,38.0833,138.4333,277.7,55,70,1.53,JP,1707435539
106,hithadhoo,-0.6,73.0833,301.08,77,100,5.75,MV,1707435540
107,mahajanga,-15.7167,46.3167,298.16,94,40,1.03,MG,1707435540
108,faya-largeau,17.9257,19.1043,290.28,19,0,5.45,TD,1707435540
109,kamaishi,39.2667,141.8833,276.19,51,7,0.74,JP,1707435540
110,bafoulabe,13.8065,-10.8321,302.34,10,100,3.11,ML,1707435540
111,chitungwiza,-18.0127,31.0756,293.4,76,17,2.04,ZW,1707435483
112,sirte,31.2089,16.5887,288.71,48,2,2.22,LY,1707435541
113,aghsu,40.5703,48.4009,282.31,59,81,2.57,AZ,1707435541
114,kristiansund,63.1115,7.732,270.51,93,20,1.54,NO,1707435541
115,bilibino,68.0546,166.4372,242.38,99,99,0.27,RU,1707435542
116,yellowknife,62.456,-114.3525,258.94,91,75,0.0,CA,1707435542
117,bel ombre,-4.6167,55.4167,302.06,79,40,5.14,SC,1707435542
118,alvaraes,-3.2208,-64.8042,299.08,77,96,0.87,BR,1707435542
119,kone,-21.0595,164.8658,302.43,62,99,2.93,NC,1707435542
120,viziru,45.0167,27.7,281.93,74,7,4.06,RO,1707435543
121,menfi,37.6066,12.9678,285.64,97,2,2.21,IT,1707435543
122,castelo branco,39.8222,-7.4909,284.94,98,100,3.55,PT,1707435543
123,shakawe,-18.3667,21.85,295.3,66,35,1.82,BW,1707435543
124,codrington,-38.2667,141.9667,291.64,56,54,5.34,AU,1707435543
125,hawaiian paradise park,19.5933,-154.9731,297.06,82,100,6.69,US,1707435544
126,sodra sandby,56.5667,16.6167,262.07,67,100,3.71,SE,1707435544
127,sakaiminato,35.55,133.2333,277.14,93,75,2.06,JP,1707435544
128,rosso,16.4986,-15.8153,299.5,9,0,4.99,SN,1707435544
129,san sebastian de la gomera,28.0916,-17.1133,294.91,52,0,3.6,ES,1707435544
130,boali,4.8005,18.1275,299.32,27,88,1.83,CF,1707435545
131,mitu,1.1983,-70.1733,298.71,87,91,1.0,CO,1707435545
132,thinadhoo,0.5333,72.9333,300.77,72,100,4.79,MV,1707435545
133,yorktown,40.1736,-85.4941,287.21,52,75,8.23,US,1707435545
134,jamestown,42.097,-79.2353,283.92,34,0,2.57,US,1707435539
135,hjo,58.3013,14.2878,269.14,92,98,2.61,SE,1707435545
136,port douglas,-16.4833,145.4667,300.99,74,50,2.51,AU,1707435499
137,cabo san lucas,22.8909,-109.9124,295.71,49,100,2.57,MX,1707435546
138,tutoia,-2.7619,-42.2744,300.9,83,24,6.23,BR,1707435546
139,olyokminsk,60.3736,120.4264,234.68,100,93,0.24,RU,1707435546
140,divnogorsk,55.9594,92.3619,259.42,96,97,2.29,RU,1707435546
141,new norfolk,-42.7826,147.0587,294.22,51,24,2.83,AU,1707435547
142,ilulissat,69.2167,-51.1,258.16,61,20,4.12,GL,1707435547
143,port elizabeth,-33.918,25.5701,293.31,79,0,2.57,ZA,1707435293
144,saudarkrokur,65.7461,-19.6394,257.1,91,9,3.5,IS,1707435547
145,sao raimundo nonato,-9.0153,-42.6994,299.41,60,85,0.99,BR,1707435547
146,vilyuchinsk,52.9306,158.4028,263.11,79,99,2.05,RU,1707435548
147,longyearbyen,78.2186,15.6401,261.06,79,20,5.66,SJ,1707435548
148,fale old settlement,-9.3852,-171.2468,302.04,76,100,9.26,TK,1707435548
149,mount pearl,47.5166,-52.7813,272.01,96,100,7.2,CA,1707435548
150,taunggyi,20.7833,97.0333,283.48,65,0,1.01,MM,1707435548
151,champagnole,46.7445,5.9135,284.53,79,100,5.23,FR,1707435549
152,alice springs,-23.7,133.8833,302.71,20,36,3.6,AU,1707435549
153,masumbwe,-3.6333,32.1833,292.9,81,24,0.35,TZ,1707435549
154,newman,37.3138,-121.0208,284.98,72,69,3.58,US,1707435549
155,isla del bosque,22.7333,-105.85,295.09,75,62,5.78,MX,1707435549
156,susuman,62.7833,148.1667,235.36,100,89,1.34,RU,1707435549
157,oamaru,-45.0784,170.9801,286.69,90,100,4.35,NZ,1707435550
158,saint-philippe,-21.3585,55.7679,298.92,86,99,6.83,RE,1707435550
159,terra santa,-2.1042,-56.4869,301.11,63,80,1.37,BR,1707435550
160,bredasdorp,-34.5322,20.0403,290.16,79,23,2.09,ZA,1707435259
161,san luis de la loma,17.2706,-100.8939,300.5,65,34,3.52,MX,1707435551
162,mangrol,21.1167,70.1167,293.54,44,88,4.67,IN,1707435551
163,talnakh,69.4865,88.3972,245.76,85,72,2.31,RU,1707435551
164,isangel,-19.55,169.2667,301.21,78,75,3.09,VU,1707435551
165,constitucion,-35.3333,-72.4167,288.17,79,31,4.93,CL,1707435551
166,najran,17.4924,44.1277,286.51,57,30,1.14,SA,1707435552
167,tamanrasset,22.785,5.5228,284.1,15,0,2.57,DZ,1707435552
168,ola,59.5833,151.2833,250.45,85,13,3.56,RU,1707435552
169,vernal,40.4555,-109.5287,277.99,62,0,1.54,US,1707435552
170,kerikeri,-35.2268,173.9474,300.88,64,88,0.89,NZ,1707435552
171,atherton,53.5237,-2.4935,277.53,89,100,3.58,GB,1707435552
172,prado,-17.3411,-39.2208,296.57,77,100,0.69,BR,1707435553
173,saipan,15.1355,145.701,301.54,69,20,6.69,MP,1707435553
174,jackson,42.4165,-122.8345,282.08,69,100,4.12,US,1707435537
175,west island,-12.1568,96.8225,301.14,78,100,5.66,CC,1707435553
176,severo-yeniseyskiy,60.3725,93.0408,262.25,96,100,1.6,RU,1707435553
177,selfoss,63.9331,-20.9971,260.4,81,36,4.75,IS,1707435554
178,san patricio,28.017,-97.5169,297.2,80,100,3.39,US,1707435554
179,shubarshi,48.5872,57.1869,274.65,99,100,4.67,KZ,1707435554
180,homer,59.6425,-151.5483,277.47,77,100,1.34,US,1707435554
181,zemio,5.0314,25.1361,299.29,33,47,1.78,CF,1707435554
182,vavoua,7.3819,-6.4778,297.63,20,0,1.03,CI,1707435554
183,tabuk,17.4189,121.4443,295.78,87,91,1.48,PH,1707435555
184,bubaque,11.2833,-15.8333,299.59,77,99,3.37,GW,1707435555
185,stupava,48.2747,17.0317,283.74,79,0,1.03,SK,1707435555
186,nova sintra,14.8667,-24.7167,294.85,72,0,5.85,CV,1707435556
187,tazovsky,67.4667,78.7,254.72,98,99,5.11,RU,1707435556
188,rovaniemi,66.5,25.7167,251.82,77,0,2.57,FI,1707435556
189,jeddah,21.5169,39.2192,297.07,60,40,1.54,SA,1707435556
190,marsabit,2.3284,37.9899,294.54,60,69,2.89,KE,1707435556
191,lodeynoye pole,60.726,33.5531,255.65,91,100,2.46,RU,1707435557
192,igarka,67.4667,86.5833,247.35,100,80,2.52,RU,1707435557
193,san antonio de pale,-1.4014,5.6325,301.15,80,82,4.86,GQ,1707435557
194,nemuro,43.3236,145.575,269.01,63,3,4.84,JP,1707435557
195,bouar,5.934,15.596,292.6,29,60,2.07,CF,1707435557
196,rijau,11.103,5.2507,295.97,17,4,3.32,NG,1707435557
197,kerema,-7.9631,145.7785,298.69,91,100,5.34,PG,1707435558
198,ararat,39.8317,44.7049,279.34,67,75,1.42,AM,1707435558
199,toliara,-23.35,43.6667,298.03,83,0,2.93,MG,1707435558
200,kuqa,41.7278,82.9364,269.26,58,2,1.56,CN,1707435558
201,geraldton,-28.7667,114.6,302.38,13,0,3.6,AU,1707435559
202,villa gesell,-37.2639,-56.973,294.85,95,100,4.29,AR,1707435559
203,arafat,21.3594,39.9664,295.04,74,45,1.29,SA,1707435559
204,tejen,37.3834,60.5054,283.7,44,0,1.08,TM,1707435559
205,ad dilam,23.9915,47.1627,287.38,26,55,1.88,SA,1707435559
206,arzgir,45.3728,44.2206,281.92,81,100,3.68,RU,1707435559
207,manacapuru,-3.2997,-60.6206,301.03,79,87,0.95,BR,1707435560
208,tromso,69.6496,18.957,263.16,67,0,5.66,NO,1707435560
209,east london,-33.0153,27.9116,292.91,80,0,1.38,ZA,1707435560
210,mhamid,29.82,-5.72,290.47,15,97,4.16,MA,1707435560
211,hasaki,35.7333,140.8333,278.31,57,100,7.4,JP,1707435560
212,nizhnyaya poyma,56.1622,97.1933,265.58,95,99,2.96,RU,1707435561
213,keflavik,64.0049,-22.5624,265.39,67,0,3.09,IS,1707435561
214,college,64.8569,-147.8028,265.49,76,0,2.06,US,1707435561
215,recco,44.3623,9.1435,288.6,91,100,6.38,IT,1707435561
216,owen sound,44.5672,-80.9435,282.36,49,96,3.13,CA,1707435363
217,mumbwa,-14.9783,27.0619,292.05,82,58,0.19,ZM,1707435562
218,aasiaat,68.7098,-52.8699,246.95,99,99,2.45,GL,1707435562
219,staryye ozinki,51.1786,49.6769,264.54,90,100,4.88,RU,1707435562
220,mollendo,-17.0231,-72.0147,297.94,81,30,3.24,PE,1707435562
221,enewetak,11.3474,162.3373,300.01,81,99,8.58,MH,1707435563
222,santa cruz,-17.8,-63.1667,303.18,62,40,7.2,BO,1707435563
223,trincomalee,8.5711,81.2335,299.35,73,50,4.25,LK,1707435563
224,shakhtersk,48.0625,38.5167,273.9,97,100,1.3,UA,1707435563
225,ust-nera,64.5667,143.2,239.7,100,100,1.48,RU,1707435563
226,key west,24.5557,-81.7826,296.15,69,0,5.14,US,1707435211
227,ust'-kut,56.7938,105.7672,261.73,97,100,1.34,RU,1707435564
228,markala,13.7021,-6.0659,297.33,12,34,4.01,ML,1707435564
229,santa marta,11.2408,-74.199,301.18,70,0,2.24,CO,1707435564
230,weno,7.4515,151.8468,302.12,74,100,5.14,FM,1707435564
231,cavalaire-sur-mer,43.174,6.5272,287.05,88,100,2.4,FR,1707435564
232,newport,51.5877,-2.9984,285.07,96,100,8.05,GB,1707435564
233,vallenar,-28.5708,-70.7581,296.96,57,78,1.96,CL,1707435565
234,howrah,22.5892,88.3103,286.15,76,20,4.12,IN,1707435565
235,umba,66.6871,34.3429,258.25,88,100,4.13,RU,1707435565
236,seven pagodas,12.6264,80.1722,297.18,82,23,1.45,IN,1707435565
237,utrik,11.2278,169.8474,299.49,81,35,9.83,MH,1707435565
238,loiza,18.4313,-65.8802,298.14,81,40,5.14,PR,1707435565
239,tadpatri,14.9167,78.0167,296.22,61,27,1.78,IN,1707435566
240,sokoni,-6.4333,39.55,301.42,77,29,5.12,TZ,1707435566
241,khandyga,62.6667,135.6,226.73,100,72,0.76,RU,1707435566
242,namdrik,5.5994,168.1028,301.21,76,99,8.14,MH,1707435566
243,antofagasta,-23.65,-70.4,296.75,79,5,2.59,CL,1707435567
244,santa elena de uairen,4.6167,-61.1333,297.49,44,95,1.76,VE,1707435567
245,ta`u,-14.2336,-169.5144,300.85,82,100,11.13,AS,1707435567
246,sambuca di sicilia,37.6494,13.1109,284.35,97,1,1.5,IT,1707435567
247,praia da vitoria,38.7333,-27.0667,288.29,72,20,10.77,PT,1707435567
248,ortigueira,-24.2083,-50.9494,292.77,92,65,0.49,BR,1707435568
249,constantia,44.1833,28.65,278.53,69,40,4.25,RO,1707435568
250,feijo,-8.1642,-70.3536,300.5,72,91,1.1,BR,1707435568
251,qaqortoq,60.7167,-46.0333,253.84,82,2,2.63,GL,1707435568
252,bac lieu,9.285,105.7244,298.69,83,9,4.95,VN,1707435569
253,kzyltu,53.6364,72.3414,274.98,96,100,11.18,KZ,1707435569
254,valparaiso,-33.0393,-71.6273,294.28,77,0,4.12,CL,1707435569
255,rongelap,11.1635,166.8941,299.6,86,95,9.86,MH,1707435569
256,funafuti,-8.5243,179.1942,304.15,79,75,4.63,TV,1707435569
257,blackwater,-23.5833,148.8833,302.03,52,4,6.83,AU,1707435569
258,okha,53.5739,142.9478,254.55,97,92,3.79,RU,1707435570
259,ust-tsilma,65.441,52.1498,263.49,96,100,1.79,RU,1707435570
260,sosnovo-ozerskoye,52.5249,111.5418,245.99,100,92,1.19,RU,1707435570
261,santo antonio,-6.3106,-35.4789,299.18,81,16,4.18,BR,1707435570
262,caleta de carquin,-11.0925,-77.6267,298.43,80,28,3.3,PE,1707435570
263,gazli,40.1333,63.45,281.42,46,22,4.15,UZ,1707435571
264,gaspe,48.8334,-64.4819,269.1,86,0,0.0,CA,1707435571
265,farasan,16.7022,42.1183,299.27,76,61,6.44,SA,1707435571
266,arkhangel'sk,64.5401,40.5433,264.21,92,100,2.0,RU,1707435571
267,egilsstadir,65.2653,-14.3948,261.1,79,75,1.54,IS,1707435571
268,patnongon,10.9132,121.9937,300.31,62,30,0.56,PH,1707435572
269,dunedin,-45.8742,170.5036,287.48,73,48,1.34,NZ,1707435572
270,petrolina,-9.3986,-40.5008,302.18,65,0,0.51,BR,1707435498
271,porbandar,21.6422,69.6093,293.57,41,83,3.59,IN,1707435572
272,kulhudhuffushi,6.6221,73.07,299.57,72,98,0.86,MV,1707435572
273,ancud,-41.8697,-73.8203,287.64,78,100,0.98,CL,1707435573
274,la'ie,21.6477,-157.9253,300.13,68,17,4.02,US,1707435573
275,abepura,-2.6333,140.5833,299.6,89,20,1.54,ID,1707435573
276,verdal,63.7933,11.4817,267.17,89,73,1.81,NO,1707435573
277,las vegas,36.175,-115.1372,282.88,50,0,10.73,US,1707435343
278,buchanan,5.8808,-10.0467,299.79,88,1,3.16,LR,1707435574
279,george,-33.963,22.4617,291.9,77,100,0.0,ZA,1707435574
280,al burayqah,30.4062,19.5739,289.43,65,0,3.11,LY,1707435574
281,kendari,-3.945,122.4989,300.26,85,72,1.08,ID,1707435574
282,yeonggwang,35.275,126.5094,270.96,66,51,2.41,KR,1707435574
283,urucui,-7.2294,-44.5561,300.2,72,79,0.64,BR,1707435575
284,georgetown,5.4112,100.3354,300.11,89,20,2.57,MY,1707435505
285,jutai,-5.1833,-68.9,299.08,84,67,0.57,BR,1707435575
286,margate,51.3813,1.3862,284.09,95,100,5.36,GB,1707435575
287,coahuayana de hidalgo,18.7,-103.6583,299.07,65,22,2.85,MX,1707435575
288,mstsislaw,54.0192,31.7257,258.89,96,82,2.53,BY,1707435575
289,sinabang,2.4803,96.3801,299.72,82,96,0.48,ID,1707435576
290,masterton,-40.9597,175.6575,295.31,51,97,3.62,NZ,1707435416
291,alaghsas,17.0187,8.0168,289.96,18,41,5.31,NE,1707435576
292,andergrove,-21.0833,149.1833,302.95,79,66,8.27,AU,1707435576
293,tsengel,49.4783,100.8894,250.59,90,15,2.44,MN,1707435576
294,kapuskasing,49.4169,-82.4331,279.15,56,75,5.66,CA,1707435576
295,el calafate,-50.3408,-72.2768,285.78,67,87,4.52,AR,1707435577
296,moratuwa,6.773,79.8816,296.16,90,87,1.45,LK,1707435543
297,tsiombe,-25.3,45.4833,296.12,96,2,1.02,MG,1707435577
298,benguela,-12.5763,13.4055,300.07,81,56,2.25,AO,1707435577
299,bridlington,54.0831,-0.1919,278.09,90,100,8.94,GB,1707435577
300,qamdo,31.1667,97.2333,261.1,73,84,3.08,CN,1707435577
301,whistler,50.1164,-122.9695,276.79,70,100,2.57,CA,1707435578
302,al basrah al qadimah,30.4972,47.8149,284.11,66,0,2.06,IQ,1707435578
303,sao joao da barra,-21.6403,-41.0511,298.2,91,22,4.05,BR,1707435578
304,prince rupert,54.3161,-130.3201,277.2,60,100,3.09,CA,1707435383
305,soio,-6.1349,12.3689,300.24,86,93,3.26,AO,1707435578
306,washim,20.1,77.15,291.06,48,7,2.32,IN,1707435579
307,mozhga,56.4447,52.2276,258.53,92,100,4.43,RU,1707435579
308,fisterra,42.9049,-9.2629,286.9,84,93,10.43,ES,1707435579
309,sanctuary point,-35.1114,150.629,296.66,58,13,3.08,AU,1707435579
310,gondia,21.45,80.2,287.84,31,4,1.65,IN,1707435579
311,luau,-10.7073,22.2247,291.29,97,77,0.89,AO,1707435579
312,rakops,-21.0167,24.3333,299.9,43,25,1.63,BW,1707435579
313,luwuk,-0.9516,122.7875,301.98,71,94,1.0,ID,1707435343
314,majene,-3.5403,118.9707,300.99,71,65,0.4,ID,1707435580
315,afaahiti,-17.75,-149.2833,302.08,85,97,9.04,PF,1707435580
316,filingue,14.3521,3.3168,293.9,12,9,3.82,NE,1707435580
317,tangalle,6.024,80.7911,294.65,86,100,3.78,LK,1707435532
318,plettenberg bay,-34.0527,23.3716,289.9,77,10,2.58,ZA,1707435581
319,el matama,16.7095,33.3565,294.17,24,22,3.95,SD,1707435581
320,salug,8.1147,122.7833,299.86,78,56,1.84,PH,1707435581
321,bani mazar,28.5036,30.8004,286.61,54,87,2.94,EG,1707435581
322,sultanah,24.4926,39.5857,293.4,37,30,3.6,SA,1707435581
323,saint-pierre,-21.3393,55.4781,298.97,78,20,1.03,RE,1707435581
324,namtsy,62.7161,129.6658,229.31,100,95,0.23,RU,1707435581
325,waingapu,-9.6567,120.2641,300.98,76,60,1.34,ID,1707435582
326,rio grande,-32.035,-52.0986,299.21,91,8,7.07,BR,1707435582
327,kenora,49.8167,-94.4337,274.69,100,100,2.06,CA,1707435297
328,usogorsk,63.4106,48.6872,266.3,95,100,3.33,RU,1707435582
329,paijan,-7.7333,-79.3022,297.72,76,26,4.83,PE,1707435582
330,berezovyy,51.6667,135.7,256.03,84,87,1.32,RU,1707435582
331,tshabong,-26.05,22.45,300.58,25,82,4.07,BW,1707435582
332,saldanha,-33.0117,17.9442,289.18,83,22,2.65,ZA,1707435583
333,boksitogorsk,59.474,33.8485,251.4,100,100,2.23,RU,1707435583
334,darwin,-12.4611,130.8418,301.98,87,40,2.57,AU,1707435583
335,flying fish cove,-10.4217,105.6791,299.97,89,75,3.09,CX,1707435583
336,monrovia,6.3005,-10.7969,299.99,86,2,3.35,LR,1707435583
337,sechura,-5.5569,-80.8222,300.97,71,36,7.49,PE,1707435583
338,whakatane,-37.9585,176.9854,299.75,70,100,3.58,NZ,1707435584
339,san antero,9.3741,-75.7589,299.66,69,68,7.96,CO,1707435584
340,sao paulo de olivenca,-3.3783,-68.8725,299.42,86,93,0.65,BR,1707435363
341,taco pozo,-25.6167,-63.2833,305.64,41,100,3.84,AR,1707435584
342,alo,7.4178,6.7371,299.76,22,36,2.05,NG,1707435584
343,magistral'nyy,56.1725,107.4458,265.58,98,100,1.08,RU,1707435584
344,burao,9.5221,45.5336,291.23,83,5,3.81,SO,1707435585
345,bhadra,29.1167,75.1667,282.84,37,0,2.9,IN,1707435585
346,tsaratanana,-16.7833,47.65,296.68,95,100,0.16,MG,1707435585
347,yarmouth,41.7057,-70.2286,276.18,85,0,2.24,US,1707435507
348,namibe,-15.1961,12.1522,298.47,78,100,2.03,AO,1707435585
349,hobyo,5.3505,48.5268,298.93,76,40,8.47,SO,1707435585
350,markovo,57.3206,107.0881,261.19,98,100,1.25,RU,1707435586
351,broken hill,-31.95,141.4333,300.42,34,0,5.34,AU,1707435586
352,huruta,8.15,39.35,289.07,80,71,1.84,ET,1707435586
353,colonia,50.9333,6.95,285.05,89,20,3.6,DE,1707435586
354,broome,42.2506,-75.833,279.58,75,100,2.2,US,1707435586
355,crozet,38.0696,-78.7006,285.97,57,65,1.54,US,1707435368
356,porto novo,6.4965,2.6036,301.05,83,16,2.47,BJ,1707435587
357,kuruman,-27.4524,23.4325,295.37,25,42,3.21,ZA,1707435587
358,ebon,4.582,168.6964,301.55,77,93,8.53,MH,1707435587
359,bereznik,62.8551,42.7072,260.66,95,100,2.91,RU,1707435587
360,san juan de miraflores,-12.1629,-76.9635,299.44,81,31,3.34,PE,1707435588
361,grande prairie,55.1667,-118.8027,268.25,74,75,2.57,CA,1707435555
362,daru,-9.0763,143.2092,297.71,92,100,5.51,PG,1707435588
363,wewak,-3.5534,143.6268,300.95,82,97,5.69,PG,1707435588
364,nha trang,12.25,109.1833,298.15,88,10,2.64,VN,1707435589
365,dalnerechensk,45.9339,133.7225,257.32,96,60,2.15,RU,1707435589
366,chinde,26.8418,88.0763,278.86,69,14,1.65,NP,1707435589
367,sandnessjoen,66.0217,12.6316,269.44,84,100,11.63,NO,1707435589
368,eusebio ayala,-25.4,-56.9667,302.19,68,99,2.45,PY,1707435589
369,luanda,-8.8368,13.2343,300.15,89,40,2.57,AO,1707435589
370,kokopo,-4.352,152.2633,300.07,76,96,1.11,PG,1707435590
371,richards bay,-28.783,32.0377,295.69,82,67,1.08,ZA,1707435590
372,santana,-0.0583,-51.1817,302.25,79,0,5.14,BR,1707435590
373,olinda,-8.0089,-34.8553,302.0,79,75,4.63,BR,1707435332
374,vilyuysk,63.7553,121.6247,240.93,100,99,0.89,RU,1707435590
375,stjordalshalsen,63.4681,10.9262,267.15,86,75,2.57,NO,1707435590
376,freetown,8.484,-13.2299,298.26,85,2,2.76,SL,1707435591
377,dankalwa,11.7443,12.1867,291.44,14,7,3.93,NG,1707435591
378,as sulayyil,20.4607,45.5779,287.29,39,81,5.96,SA,1707435591
379,kisangani,0.5167,25.2,299.12,54,78,1.12,CD,1707435591
380,champerico,14.3,-91.9167,305.45,61,1,2.91,GT,1707435591
381,nantucket,41.2835,-70.0995,276.18,80,0,2.06,US,1707435592
382,balkanabat,39.5108,54.3671,285.3,34,0,2.48,TM,1707435592
383,ubari,26.5921,12.7805,284.95,35,5,1.44,LY,1707435592
384,menongue,-14.6585,17.691,290.4,96,91,1.42,AO,1707435592
385,phan thiet,10.9333,108.1,296.72,80,11,2.96,VN,1707435592
386,cill airne,52.05,-9.5167,281.98,98,100,2.07,IE,1707435593
387,gadzhiyevo,69.2551,33.3362,250.3,100,100,2.71,RU,1707435593
388,malanje,-9.5402,16.341,292.03,93,78,1.19,AO,1707435593
389,dolinsk,47.35,142.8,256.33,84,84,0.92,RU,1707435593
390,turkmenabat,39.0733,63.5786,282.14,46,21,3.09,TM,1707435593
391,bazarnyye mataki,54.8833,49.9333,259.27,92,100,6.71,RU,1707435594
392,jiayuguan,39.8167,98.3,269.04,46,59,0.48,CN,1707435594
393,aykhal,66.0,111.5,239.07,100,91,2.1,RU,1707435594
394,hagere hiywet,8.9833,37.85,289.52,79,96,2.09,ET,1707435594
395,lengshuitan,26.4111,111.5956,276.3,90,89,0.94,CN,1707435594
396,beichengqu,40.4394,113.1536,258.32,97,63,0.8,CN,1707435594
397,palmer,42.1584,-72.3287,277.73,59,40,0.0,US,1707435467
398,acapulco de juarez,16.8634,-99.8901,302.05,65,20,5.14,MX,1707435298
399,lompoc,34.6391,-120.4579,288.16,65,75,5.14,US,1707435408
400,deir ez-zor,35.3359,40.1408,286.19,49,100,3.31,SY,1707435595
401,kousseri,12.0769,15.0306,293.13,26,4,2.57,CM,1707435595
402,chibougamau,49.9168,-74.3659,273.94,86,100,3.6,CA,1707435595
403,tura,25.5198,90.2201,283.33,45,0,1.75,IN,1707435595
404,zainsk,55.3195,52.0694,260.7,92,100,6.6,RU,1707435596
405,canterbury,51.279,1.0799,284.16,96,100,3.58,GB,1707435596
406,hadibu,12.65,54.0333,297.53,75,3,4.96,YE,1707435596
407,arar,30.9753,41.0381,284.16,46,0,5.66,SA,1707435596
408,thanh hoa,19.8,105.7667,285.61,77,100,3.92,VN,1707435596
409,suixi,33.8907,116.7747,273.19,89,4,2.34,CN,1707435597
410,ulsteinvik,62.3432,5.8487,270.79,78,19,1.79,NO,1707435597
411,choibalsan,48.0667,114.5,252.5,88,9,3.59,MN,1707435597
412,banda aceh,5.5577,95.3222,298.53,87,76,4.81,ID,1707435597
413,kholmsk,47.0511,142.0569,263.29,76,80,1.76,RU,1707435597
414,ambon,-3.6954,128.1814,304.22,100,20,1.03,ID,1707435597
415,arauco,-37.2463,-73.3175,289.83,64,10,4.7,CL,1707435597
416,sitka,57.0531,-135.33,277.09,75,75,2.06,US,1707435445
417,al jawf,29.5,38.75,285.71,35,3,4.62,SA,1707435598
418,coquimbo,-29.9533,-71.3436,294.0,77,40,4.12,CL,1707435598
419,itoman,26.1247,127.6694,290.58,80,75,8.23,JP,1707435598
420,qulsary,46.9531,54.0198,277.2,82,100,5.53,KZ,1707435598
421,nabire,-3.3667,135.4833,300.29,81,100,0.77,ID,1707435598
422,corner brook,48.9667,-57.9484,265.24,98,71,1.64,CA,1707435598
423,karratha,-20.7377,116.8463,303.77,59,40,2.05,AU,1707435599
424,mont-dore,-22.2833,166.5833,302.59,99,100,6.66,NC,1707435599
425,katsuren-haebaru,26.3369,127.8719,290.58,82,100,2.57,JP,1707435599
426,along,28.1667,94.7667,280.27,89,4,0.79,IN,1707435599
427,sao gabriel da cachoeira,-0.1303,-67.0892,299.29,86,98,0.8,BR,1707435599
428,dese,11.1333,39.6333,285.71,86,62,0.76,ET,1707435605
429,katsuura,35.1333,140.3,281.83,67,100,7.95,JP,1707435606
430,west carrollton city,39.6723,-84.2522,288.36,33,0,5.14,US,1707435606
431,iisalmi,63.5592,27.1907,247.52,100,86,0.93,FI,1707435606
432,conceicao do araguaia,-8.2578,-49.2647,298.65,89,97,1.66,BR,1707435606
433,coihueco,-36.6167,-71.8333,295.74,25,25,2.07,CL,1707435606
434,chok chai,14.7284,102.1652,298.04,90,22,1.09,TH,1707435607
435,sogndal,61.2283,7.1003,265.36,85,20,2.57,NO,1707435607
436,kill devil hills,36.0307,-75.676,279.81,91,0,1.54,US,1707435392
437,kawerau,-38.1,176.7,299.53,67,100,0.89,NZ,1707435607
438,haiku-pauwela,20.9219,-156.3051,298.24,68,40,6.69,US,1707435607
439,qala i naw,34.9874,63.1289,281.36,33,0,2.92,AF,1707435608
440,takoradi,4.8845,-1.7554,299.52,85,4,2.55,GH,1707435608
441,rafaela,-31.2503,-61.4867,305.36,53,97,1.34,AR,1707435608
442,kambove,-10.8764,26.5969,290.23,94,24,0.72,CD,1707435608
443,mount isa,-20.7333,139.5,303.02,62,40,3.6,AU,1707435608
444,valderice,38.0401,12.6151,286.7,87,20,4.63,IT,1707435609
445,aripuana,-9.1667,-60.6333,297.97,93,95,0.97,BR,1707435609
446,karlivka,49.4567,35.1295,272.28,72,100,2.13,UA,1707435609
447,nili,33.7218,66.1302,267.75,55,0,2.84,AF,1707435609
448,nikolayevsk-on-amure,53.1406,140.73,256.38,91,98,1.28,RU,1707435610
449,sisimiut,66.9395,-53.6735,255.96,82,95,7.38,GL,1707435610
450,kapa'a,22.0752,-159.319,300.14,65,0,5.14,US,1707435610
451,tulum,20.2167,-87.4667,295.51,77,50,3.4,MX,1707435610
452,touros,-5.1989,-35.4608,300.73,77,25,5.87,BR,1707435336
453,letlhakane,-21.4167,25.5833,301.1,39,67,5.02,BW,1707435611
454,arraial do cabo,-22.9661,-42.0278,298.99,87,8,5.23,BR,1707435611
455,esmeraldas,-19.7625,-44.3139,295.32,95,100,2.02,BR,1707435611
456,aksu,41.1231,80.2644,268.83,66,0,2.63,CN,1707435611
457,kentville,45.0835,-64.4988,272.43,84,51,0.0,CA,1707435611
458,tucuma,-0.1833,-50.05,298.04,93,74,2.85,BR,1707435612
459,port saint john's,-31.6229,29.5448,295.01,82,87,0.74,ZA,1707435612
460,guerrero negro,27.9769,-114.0611,290.21,55,6,4.62,MX,1707435612
461,ozernyy,55.5802,32.4127,260.55,97,97,2.16,RU,1707435612
462,mawu,29.5923,107.3139,278.28,88,99,0.41,CN,1707435613
463,mirny,62.5353,113.9611,238.42,100,100,0.67,RU,1707435613
464,ejea de los caballeros,42.1263,-1.1372,283.27,70,100,4.96,ES,1707435613
465,island harbour,50.724,-1.2758,284.81,92,100,4.47,GB,1707435613
466,del rio,29.3627,-100.8968,297.16,33,0,2.06,US,1707435614
467,donskoye,45.4552,41.9741,284.22,71,100,9.32,RU,1707435614
468,hovd,48.0056,91.6419,255.84,80,12,1.56,MN,1707435614
469,port augusta,-32.5,137.7667,299.42,29,0,5.31,AU,1707435614
470,happy valley-goose bay,53.3168,-60.3315,266.32,93,100,1.03,CA,1707435614
471,misratah,32.3754,15.0925,288.38,62,0,2.24,LY,1707435615
472,magadan,59.5667,150.8,250.11,80,1,3.18,RU,1707435615
473,albufeira,37.0882,-8.2503,290.06,92,100,13.48,PT,1707435553
474,williamsport,41.2412,-77.0011,281.0,57,100,1.76,US,1707435615
475,inarajan village,13.2736,144.7484,301.69,74,91,7.9,GU,1707435616
476,la rinconada,37.4873,-5.9826,287.28,93,100,4.92,ES,1707435616
477,al fallujah,33.3538,43.7795,284.09,58,47,2.05,IQ,1707435616
478,khovd,48.0056,91.6419,255.84,80,12,1.56,MN,1707435616
479,antsiranana,-12.2787,49.2917,298.19,89,100,1.79,MG,1707435617
480,mokhsogollokh,61.4681,128.9203,235.5,100,100,1.07,RU,1707435617
481,manokwari,-0.8667,134.0833,299.82,78,100,1.85,ID,1707435617
482,bagudo,11.4033,4.2296,296.08,16,10,2.77,NG,1707435617
483,leninskoye,41.7589,69.3864,279.83,56,100,2.27,KZ,1707435618
484,kamikawa,43.84,142.7711,264.3,92,100,3.78,JP,1707435618
485,xiaoweizhai,26.1903,107.5125,275.51,88,92,1.59,CN,1707435618
486,chiang mai,18.75,99.0,294.2,73,1,1.03,TH,1707435618
487,cullowhee,35.3137,-83.1765,283.81,55,100,1.65,US,1707435619
488,ladyzhyn,48.685,29.2368,273.27,97,100,5.61,UA,1707435619
489,holbrook,40.8123,-73.0784,278.5,82,75,2.06,US,1707435507
490,russkaya polyana,49.417,31.9201,272.75,91,100,3.76,UA,1707435620
491,phang nga,8.4509,98.5298,298.17,90,51,0.8,TH,1707435621
492,cihanbeyli,38.6607,32.9244,279.3,80,100,2.67,TR,1707435621
493,ambodifotatra,-16.9833,49.85,300.37,79,81,1.58,MG,1707435622
494,salekhard,66.53,66.6019,267.69,93,100,7.42,RU,1707435622
495,sona,45.4388,10.8255,283.89,87,75,1.54,IT,1707435622
496,brumunddal,60.881,10.9395,251.94,95,10,0.72,NO,1707435623
497,maumere,-8.6199,122.2111,301.01,74,98,1.0,ID,1707435623
498,lae,-6.7221,146.9847,302.52,61,100,1.11,PG,1707435623
499,tionk essil,12.7856,-16.5217,299.18,53,70,2.53,SN,1707435624
500,jinzhou,41.1078,121.1417,266.34,71,28,0.81,CN,1707435624
501,vernon,50.2581,-119.2691,280.24,69,66,1.03,CA,1707435339
502,ketchikan,55.3422,-131.6461,276.41,65,75,3.6,US,1707435625
503,terrace,54.5163,-128.6035,276.6,60,75,2.06,CA,1707435625
504,myitkyina,25.3833,97.4,283.85,85,12,1.16,MM,1707435626
505,taro,-8.3862,115.28,295.15,84,88,0.37,ID,1707435626
506,storozhevaya,43.8789,41.4514,278.4,70,100,2.67,RU,1707435627
507,nizhneangarsk,55.7833,109.55,259.82,96,100,1.34,RU,1707435627
508,tralee,52.2704,-9.7026,282.16,96,100,3.79,IE,1707435628
509,belyye berega,53.2085,34.6641,256.34,99,70,1.35,RU,1707435628
510,hirara,24.8,125.2833,289.3,94,75,10.29,JP,1707435629
511,mar del plata,-38.0023,-57.5575,295.98,92,100,6.26,AR,1707435420
512,igreja,15.0333,-24.3333,296.85,63,0,3.37,CV,1707435630
513,mersrags,57.3354,23.1246,269.52,77,83,5.27,LV,1707435631
514,campo formoso,-10.5075,-40.3214,298.78,55,99,2.33,BR,1707435631
515,dali,25.7,100.1833,276.09,87,19,1.13,CN,1707435632
516,piti village,13.4626,144.6933,301.64,70,0,6.69,GU,1707435634
517,novovoronezh,51.3072,39.2173,263.64,88,19,3.53,RU,1707435635
518,camayenne,9.535,-13.6878,302.2,74,3,3.09,GN,1707435635
519,yeroham,30.9872,34.9314,284.64,69,97,1.97,IL,1707435635
520,srikakulam,18.3,83.9,296.57,90,83,2.06,IN,1707435635
521,aioun,16.6614,-9.6149,296.52,10,100,4.71,MR,1707435637
522,meadow lakes,61.6247,-149.6011,274.44,58,0,5.14,US,1707435638
523,baruun-urt,46.6806,113.2792,246.48,98,44,2.41,MN,1707435638
524,san juan bautista,-14.0108,-75.7358,300.2,63,4,3.89,PE,1707435638
525,dryden,49.7833,-92.7503,275.31,100,100,4.12,CA,1707435638
526,borovskoy,53.8,64.15,269.34,75,43,10.07,KZ,1707435639
527,sampit,-2.5333,112.95,299.21,84,21,0.97,ID,1707435640
528,ninghai,29.2892,121.4247,276.83,67,61,1.37,CN,1707435640
529,tabou,4.423,-7.3528,299.74,82,3,2.85,CI,1707435640
530,matoury,4.8483,-52.3317,300.13,83,20,4.63,GF,1707435641
531,xai-xai,-25.0519,33.6442,297.32,86,82,2.8,MZ,1707435641
532,antalaha,-14.9003,50.2788,297.51,92,98,1.49,MG,1707435641
533,natal,-5.795,-35.2094,301.51,83,40,5.66,BR,1707435564
534,huesca,42.1362,-0.4087,281.53,73,75,1.79,ES,1707435633
535,beau vallon,-20.4189,57.6953,299.28,83,75,4.63,MU,1707435642
536,akureyri,65.6835,-18.0878,263.11,79,75,0.51,IS,1707435642
537,port angeles,48.1181,-123.4307,280.76,76,100,2.57,US,1707435556
538,longboat key,27.4125,-82.659,294.27,60,0,3.6,US,1707435619
539,vershino-darasunskiy,52.35,115.5167,250.89,100,79,1.09,RU,1707435643
540,cromwell,41.5951,-72.6454,280.09,54,0,3.09,US,1707435643
541,lazaro cardenas,17.9583,-102.2,300.05,63,9,5.51,MX,1707435643
542,ulety,51.3572,112.4849,253.48,96,15,1.52,RU,1707435643
543,ustka,54.5805,16.8619,270.18,85,30,2.4,PL,1707435643
544,manismata,-2.4667,111.0333,297.84,94,24,0.79,ID,1707435644
545,onguday,50.75,86.15,266.01,88,100,1.9,RU,1707435644
546,nema,57.5067,50.5011,257.42,95,100,3.3,RU,1707435644
547,labuan,5.2767,115.2417,300.35,88,40,1.54,MY,1707435644
548,westport,41.1415,-73.3579,279.33,68,0,1.54,US,1707435412
549,bani suwayf,29.0744,31.0979,285.95,71,62,2.45,EG,1707435645
550,tommot,58.9564,126.2925,245.61,99,99,0.36,RU,1707435645
551,puerto baquerizo moreno,-0.9,-89.6,299.19,80,69,3.76,EC,1707435645
552,balykchy,42.4557,76.1861,272.27,71,68,0.46,KG,1707435645
553,sylvan lake,52.3168,-114.0853,267.91,92,100,1.54,CA,1707435646
554,tual,-5.6667,132.75,301.88,76,100,6.2,ID,1707435646
555,butajira,8.1167,38.3667,289.91,79,100,2.04,ET,1707435646
556,new plymouth,-39.0667,174.0833,295.55,77,23,2.23,NZ,1707435647
557,victoria,22.2855,114.1577,286.07,84,93,5.36,HK,1707435548
558,san felipe,10.3399,-68.7425,295.9,98,81,2.45,VE,1707435647
559,salahonda,2.1019,-78.7217,300.13,86,92,4.28,CO,1707435647
560,mahina,-17.5065,-149.489,303.02,74,75,11.32,PF,1707435648
561,horta,38.5333,-28.6333,288.16,81,89,8.49,PT,1707435648
562,zeya,53.75,127.2667,245.09,95,11,1.12,RU,1707435648
563,ryazhsk,53.7038,40.1109,257.22,95,39,4.51,RU,1707435648
564,glace bay,46.1969,-59.957,270.91,85,75,4.12,CA,1707435648
565,new corella,7.6,125.8667,297.71,88,63,2.16,PH,1707435649
566,salumbar,24.1333,74.05,285.77,30,72,2.73,IN,1707435649
567,ardmore,34.1743,-97.1436,292.88,26,0,6.17,US,1707435411
568,villa canas,-34.0057,-61.6076,303.07,51,94,1.74,AR,1707435649
